"Info_organism_id","Info_protein_id","Info_sequence","Info_cluster","Info_split"
"10243","NP_619988.1","MDIFREIASSMKGENVFISPPSISSVLTILYYGANGSTAEQLSKYVEKEADKNKDDISFKSMNKVYGRYSAVFKDSFLRKIGDNFQTVDFTDCRTVDAINKCVDIFTEGKINPLLDEPLSPDTCLLAISAVYFKAKWLMPFEKEFTSDYPFYVSPTEMVDVSMMSMYGEAFNHASVKESFGNFSIIELPYVGDTSMVVILPDNIDGLESIEQNLTDTNFKKWCDSMDAMFIDVHIPKFKVTGSYNLVDALVKLGLTEVFGSTGDYSNMCNSDVSVDAMIHKTYIDVNEEYTEAAAATCALVADCASTVTNEFCADHPFIYVIRHVDGKILFVGRYCSPTTN",1,"split_02_20"
"874269","CBW46791.1","MDSEFFQPVYPRHYGECLSPVTTPSFFSTHMYTILIAIVVLVIIIIVLIYLFSSRKKKAAAIEEEDIQFINPYQDQQWVEVTPQPGTSKPAGATTASVGKPVTGRPATNRPATNKPVTDNPVTDRLVMATGGPAAAPAAASAPAHPAEPYTTVTTQNTASQTMSAIENLRQRNTYTHKDLENSL",2,"split_03_20"
"874269","YP_009704045.1","MDFILNISMKMEVIFKTDLRSSSQVVFHAGSLYNWFSVEIINSGRIVTTAIKTLLSTVKYDIVKSARIYAGQGYTEHQAQEEWNMILHVLFEEETESSASSENIHEKNDNETNECTSSFETLFEQEPSSEVPKDSKLYMLAQKTVQHIEQYGKAPDFNKVIRAHNFIQTIYGTPLKEEEKEVVRLMVIKLLKKISFYLTYI",3,"split_01_20"
"10514","AP_000622.1","MATPSMLPQWSYMHIAGQDAAEYLSPALVQFAQATSSYFKLDNKFRNPTVAPTHDVTTERSQRLQLRFVPVMQEDGQYTYKTRFQLAVGDNRVLDMASTYFDIRGTLDRGPSFKPYSGTAYNALAPKAGANNCLFNGQGANINTLAQVPSAGAITVNGQAAVTNNTYQPEPQLGPESWVDGSLAELGDASGRALKASTPRMPCYGSYAPPTNENGGQATGPVESRFYKVTTNNNNEADAMLYTEDVNLQAPDTHLVHQVPEGQVTGVQGLGQQAAPNRPNYIGFRDNFIGLMYYNSNGNLGVLAGQSSQLNAVVDLQDRNTELSYQLLLDALTDRSRYFSMWNQAVDSYDQDVRIIDNHGVEDDMPNYCYPLSGMGPLTNMTTMKVNNQNFQAENTNVGPIQKIGFGNVEAMEINLNANLFKSFLYSNVALYLPDAFKYTPENIVAPANVNTYAYMNVRLPAANLIDTFVNIGARWSPDVMDTVNPFNHHRNAGLRYRSQLLGNGRYCSFHIQVPQKFFAIKNLLLLPGTYTYEWSFRKDVNMILQSSLGNDLRVDGATINIQSINLYASFFPMAHNTASTLEAMLRNDVNDQSFADYLSSANMLYPIPANTTNLPISIPARNWAGFRGWSFTRIKQRETPALGSPYDPYFTYSGSIPYLDATFYLSHTFRRVSIMFDSSVSWPGNDRLLTPNEFEIKRYVDGEGYNVAQSNMTKDWFMVQMLAHYNIGYQGYHLPESYKDRMYSFLRNFEPMCRQLVDVANYAAYQPVTVGHQHNNSGYASALSAFNPREGHPYPANWPYPLIGANAVPTVTQKKFLCDRSLWRIPFSSNFMSMGTLTDLGQNLLYSNSAHALDMTFEVDAMNEPTLLYVLFEVFDVARVHQPHRGVIEVGYLRTPFSAGNATT",4,"split_02_20"
"10497","AHA58719.1","MDSEFFQPVYPRHYGECLSPVTTPSFFSTHMYTILIAIVVLVIIIIVLIYLFSSRKKKAAAAIEEEDIQFINPYQDQQWVEVTPQPGTSKPAGATTASVGKPVTGRPATNRPATNRPVTDNPVTGNPVTDRLVMATGGPAAASAAASAAASAPAHPAEPYTTVTTQNTASQTMSAIENLRQRNTYTHKDLENSL",5,"split_02_20"
"10515","P03277.3","MATPSMMPQWSYMHISGQDASEYLSPGLVQFARATETYFSLNNKFRNPTVAPTHDVTTDRSQRLTLRFIPVDREDTAYSYKARFTLAVGDNRVLDMASTYFDIRGVLDRGPTFKPYSGTAYNALAPKGAPNSCEWEQTEDSGRAVAEDEEEEDEDEEEEEEEQNARDQATKKTHVYAQAPLSGETITKSGLQIGSDNAETQAKPVYADPSYQPEPQIGESQWNEADANAAGGRVLKKTTPMKPCYGSYARPTNPFGGQSVLVPDEKGVPLPKVDLQFFSNTTSLNDRQGNATKPKVVLYSEDVNMETPDTHLSYKPGKGDENSKAMLGQQSMPNRPNYIAFRDNFIGLMYYNSTGNMGVLAGQASQLNAVVDLQDRNTELSYQLLLDSIGDRTRYFSMWNQAVDSYDPDVRIIENHGTEDELPNYCFPLGGIGVTDTYQAIKANGNGSGDNGDTTWTKDETFATRNEIGVGNNFAMEINLNANLWRNFLYSNIALYLPDKLKYNPTNVEISDNPNTYDYMNKRVVAPGLVDCYINLGARWSLDYMDNVNPFNHHRNAGLRYRSMLLGNGRYVPFHIQVPQKFFAIKNLLLLPGSYTYEWNFRKDVNMVLQSSLGNDLRVDGASIKFDSICLYATFFPMAHNTASTLEAMLRNDTNDQSFNDYLSAANMLYPIPANATNVPISIPSRNWAAFRGWAFTRLKTKETPSLGSGYDPYYTYSGSIPYLDGTFYLNHTFKKVAITFDSSVSWPGNDRLLTPNEFEIKRSVDGEGYNVAQCNMTKDWFLVQMLANYNIGYQGFYIPESYKDRMYSFFRNFQPMSRQVVDDTKYKEYQQVGILHQHNNSGFVGYLAPTMREGQAYPANVPYPLIGKTAVDSITQKKFLCDRTLWRIPFSSNFMSMGALTDLGQNLLYANSAHALDMTFEVDPMDEPTLLYVLFEVFDVVRVHQPHRGVIETVYLRTPFSAGNATT",6,"split_02_20"
"10515","CAC67297.1","MKRARPSEDTFNPVYPYDTETGPPTVPFLTPPFVSPNGFQESPPGVLSLRVSEPLDTSHGVLALKMGSGLTLDKAGNLTSQNVTTVTQPLKKTKSNISLDTSAPLTITSGALTVATTAPLIVTSGALSVQSQAPLTVQDSKLSIATKGPITVSDGKLALQTSAPLSGSDSDTLTVTASPPLTTAMGSLGINMEDPIYVNNGKIGIKISGPLQVAQNSDTLTVVTGPGVTVEQNSLRTKVAGAIGYDSSNNMEIKTGGGMRINNNLLILDVDYPFDAQTKLRLKLGQGPLYINASHNLDINYNRGLYLFNASNNTKKLEVSIKKSSGLNFDNTAIAINAGKGLEFDTNTSESPDINPIKTKIGSGIDYNENGAMITKLGAGLSFDNSGAITIGNKNDDKLTLWTTPDPSPNCRIHSDNDCKFTLVLTKCGSQVLATVAALAVSGDLSSMTGTVASVSIFLRFDQNGVLMENSSLKKHYWNFRNGNSTNANPYTNAVGFMPNLLAYPKTQSQTAKNNIVSQVYLHGDKTKPMILTITLNGTSESTETSEVSTYSMSFTWSWESGKYTTETFATNSYTFSYIAQE",6,"split_02_20"
"28285","AAP31210.1","MKRARPSEDTFNPVYPYDTETGPPTVPFLTPPFVSPNGFQESPPGVLSLRLSEPLVTSNGMLALKMGNGLSLDEAGNLTSQNVTTVSPPLKKTKSNINLEISAPLTVTSEALTVAAAAPLMVAGNTLTMQSQAPLTVHDSKLSIATQGPLTVSEGKLALQTSGPLTTTDSSTLTITASPPLTTATGSLGIDLKEPIYTQNGKLGLKYGAPLHVTDDLNTLTVATGPGVTINNTSLQTKVTGALGFDSQGNMQLNVAGGLRIDSQNRRLILDVSYPFDAQNQLNLRLGQGPLFINSAHNLDINYNKGLYLFTASNNSKKLEVNLSTAKGLMFDATAIAINAGDGLEFGSLNAPNSNPLKTKIGHGLEFDSNKAMVPKLGTGLSFDSTGAITVGNKNNDKLTLWTTPAPSPNCRLNAEKDAKLTLVLTKCGSQILATVSVLAVKGSLAPISGTVQSAHLIIRFDENGVLLNNSFLDPEYWNFRNGDLTEGTAYTNAVGFMPNLSAYPKSHGKTAKSNIVSQVYLNGDKTKPVTLTITLNGTQETGDTTPSAYSMSFSWDWSGHNYINEIFATSSYTFSYIAQE",4,"split_02_20"
"190063","AUD07657.1","MAALTPDLTTATPRLQYFHIAGPGTREYLSEDLQQFISATGSYFDLKNKFRQTVVAPTRNVTTEKAQRLQIRFYPIQTDDTSTGYRVRYNINVGDGWVLDMGSTYFDIKGILDRGPSFKPYCGTAYNPLAPKESMFNNWSETAPGQNVSASGQLSNVYTNTSTSKDTTAAQVTKISGVFPNPNQGPGRNPLRRVQNANTGVLGRFAKSQYNYAYGAYVKPVAADGSQSLTQTPYWIMDNTGTNYLGAVAVEDYTNSLSYPDTIVVPPPEDYDDYNIGTTRALRPNYIGFRDNFINLLYHDSGVCSGTLNSERSGMNVVVELPDRNTELSYQYMLADMMSRHHYFALWNQAVDQYDPEVRVFSNDGYEEGAPSYAFNPEAVGAGEGYGPDLSQIKLYTNNTAANDKNTAVANATTNFYFGTVPSYEIDISATQRRNFIMANIAEYLPDRYKFSISGFDATSVAPTTYEYMNKRVPLTNVVDMFTNVGARWSIDQMDNVNPFNHHRNWGLKYRSQLLGNSRYVNFHIQVPQKFFAIKNLLLLSGSYTYEWVLRKDPNMILQSSLGNDLRADGASIIYNEVNLMANFMPMDHNTSNQLELMLRNATNDQTFVDYLGAKNALYSVPAGSTALTINIPARTWEGMRGWSFTRIKAAETPQLGAQYDVNFKYSGSIAYSDGGFYLSHTFRNMSILFDTSINWPGNDRLLTPNMFEIKRSVALDTEGFTMSQCDITKDWYLIQMATNYNFVYNGYRFWPDRQYFHYDFLRNFDPMTRQGPNFALPGLFDLVSYTPTTDNSGQQPSQEAVRNNSGFIAPRSWPVWSAHQGESWPANWPYPLCGQQAIQPAQVLSYKKFLCDNYLWTIPFSSDFMYMGELTDLGQNPMYTNNSHSMVINFELDPMDDPTYVYMLYGVFDTVRVNQPERNVLAMAYFRTPFATGNAV",7,"split_02_20"
"10533","AAQ10562.1","MAAAVEALYVVLEREGAILPRQEGFSGVYVFFSPINFVIPPMGAVMLSLRLRVCIPPGYFGRFLALTDVNQPDVFTESYIMTPDMTEELSVVLFNHGDQFFYGHAGMAVVRLMLIRVVFPVEPADMFERKMVSFSVVVPELTCLYLHEHDYDVLAFLREALPDFLSSTLHFISPPMQQAYIGATLVSIAPSMRVIISVGSFVMVPGGEVAALVRADLHDYVQLALRRDLRDRGIFVNVPLLNLIQVCEEPEFLQSVGIAYLLLRQRPALPYWRIIRCCPNVTL",8,"split_02_20"
"573199","C3SAV4","MAARAAFNPVYPYDYALLPDDYERDEYVIVAREGAAPFNPVYPYHQPVAGDFGFPVIMPPFFNSYDFTSIHGNTLSLRLKKPLKRTSQGLSLLIGDGLGLDSEGRLFSTSMLPDAEPPLNIEGDQIHLRYGKGLFVDNEGTLQTVCDITASENPLVINNRVLELNIGPGLQVNSAGQLEALGTVQTTSLPLKVENNNLELLIGKGLTLDEQGQLRLAPNLLWPESPLAIEKGSNHLILFYNQSLDLQDGKLCLPEPFDPLVLDSGRLRLELAKDSGMFVTNAGSLGLKWGPGLQVEDGAVTLKTSREFALTTEGIHLTSPTSPLEVNKQGQLGLSLGYGFHAHRGVLEMTPNTIWTGIPIANNGTYMKAHDCKIYLSLTRVGPMVHGVFMLQAPDYELTTNGMRDIVFAFGDTGALVHPAPVTWWGALDPPISNAAQAVRKKRAAPEPVENTPPPKRRGDLAALSARVEEEKAQSEPPDHLNENWLDYMHLLRFMPSTELYPRAASIPTNLQYHDTRLNLRRATLQIRLNGDPNKHYQLAFKLDLVGSEKASMVTDTVSFWYLAEDY",9,"split_04_20"
"10497","AYW34030.1","MIILIFLIFSNIVLSIDYWVSFNKTIILDSNITNDNNDINGVSWNFFNNSFNTLATCGKAGNFCECSNYSTSIYNITNNCSLTIFPHNDVFDTTYQVVWNQIINYTIKLLTPATPPNITYNCTNFLITCKKNNGTNTNIYLNINDTFVKYTNESILEYNWNNSNINNFTATCIINNTISTSNETTLINCTYLTLSSNYFYTFFKLYYIPLSIIIGITISILLISIITFLSLRKRKKHVEEIESPPPESNEEEQCQHDDTTSIHEPSPREPLLPKPYSRYQYNTPIYYMRPSTQPLNPFPLPKPCPPPKPCPPPKPCPPPKPCPSAESYSPPKPLPSIPLLPNIPPLSTQNISLIHVDRII",10,"split_05_20"
"10497","ADD62408.1","MDSEFFQPVYPRHYGECLSSTPTPSFFSTHMYTILIAIVVLIIIIIVLIYLFSSRKKKAAAAIEEEDIQFINPYQDQQWAGVPPQPGIAKPAGATTGSVSKPVMDRPITNNPVMDRPVTNHPVTDRLVTDKLGMATGEPAAASAPAHSAEPYTTVTTQNTASQTMSAIENLRQRSTYTHKDLENSL",11,"split_02_20"
"10497","AAY46108.1","YGECLSPVTPPSFFSTHMYTILIAIVVLVIIIIVLIYLFSSRKKKAAAAIEEEDIQFINPYQDQQWAEVTPQPGTSKPAGATTASAGKPVTGRPATNRPATNKPVTDNPVTDRLVMATGGPAAAPAAASAHPTEPYTTVTTQNTASQTMSAIENLRQRNTYTHKDLENSL",6,"split_02_20"
"28285","P04133.3","MATPSMMPQWSYMHISGQDASEYLSPGLVQFARATETYFSLNNKFRNPTVAPTHDVTTDRSQRLTLRFIPVDREDTAYSYKARFTLAVGDNRVLDMASTYFDIRGVLDRGPTFKPYSGTAYNALAPKGAPNPCEWDEAATALEINLEEEDDDNEDEVDEQAEQQKTHVFGQAPYSGINITKEGIQIGVEGQTPKYADKTFQPEPQIGESQWYETEINHAAGRVLKKTTPMKPCYGSYAKPTNENGGQGILVKQQNGKLESQVEMQFFSTTEATAGNGDNLTPKVVLYSEDVDIETPDTHISYMPTIKEGNSRELMGQQSMPNRPNYIAFRDNFIGLMYYNSTGNMGVLAGQASQLNAVVDLQDRNTELSYQLLLDSIGDRTRYFSMWNQAVDSYDPDVRIIENHGTEDELPNYCFPLGGVINTETLTKVKPKTGQENGWEKDATEFSDKNEIRVGNNFAMEINLNANLWRNFLYSNIALYLPDKLKYSPSNVKISDNPNTYDYMNKRVVAPGLVDCYINLGARWSLDYMDNVNPFNHHRNAGLRYRSMLLGNGRYVPFHIQVPQKFFAIKNLLLLPGSYTYEWNFRKDVNMVLQSSLGNDLRVDGASIKFDSICLYATFFPMAHNTASTLEAMLRNDTNDQSFNDYLSAANMLYPIPANATNVPISIPSRNWAAFRGWAFTRLKTKETPSLGSGYDPYYTYSGSIPYLDGTFYLNHTFKKVAITFDSSVSWPGNDRLLTPNEFEIKRSVDGEGYNVAQCNMTKDWFLVQMLANYNIGYQGFYIPESYKDRMYSFFRNFQPMSRQVVDDTKYKDYQQVGILHQHNNSGFVGYLAPTMREGQAYPANFPYPLIGKTAVDSITQKKFLCDRTLWRIPFSSNFMSMGALTDLGQNLLYANSAHALDMTFEVDPMDEPTLLYVLFEVFDVVRVHRPHRGVIETVYLRTPFSAGNATT",3,"split_01_20"
"10254","P21605.1","MSKIYIDERSNAEIVCEAIKTIGIEGATAAQLTRQLNMEKREVNKALYDLQRSAMVYSSDDIPPRWFMTTEADKPDADAMADVIIDDVSREKSMREDHKSFDDVIPAKKIIDWKGANPVTVINEYCQITRRDWSFRIESVGPSNSPTFYACVDIDGRVFDKADGKSKRDAKNNAAKLAVDKLLGYVIIRF",12,"split_01_20"
"10254","Q01227.1","MKTISVVTLLCVLPAVVYSTCTVPTMNNAKLTSTETSFNDKQKVTFTCDQGYHSSDPNAVCETDKWKYENPCKKMCTVSDYISELYNKPLYEVNSTMTLSCNGETKYFRCEEKNGNTSWNDTVTCPNAECQPLQLEHGSCQPVKEKYSFGEYMTINCDVGYEVIGASYISCTANSWNVIPSCQQKCDMPSLSNGLISGSTFSIGGVIHLSCKSGFTLTGSPSSTCIDGKWNPVLPICVRTNEEFDPVDDGPDDETDLSKLSKDVVQYEQEIESLEATYHIIIVALTIMGVIFLISVIVLVCSCDKNNDQYKFHKLLP",6,"split_02_20"
"10515","AP_000171.1","MSILISPSNNTGWGLRFPSKMFGGAKKRSDQHPVRVRGHYRAPWGAHKRGRTGRTTVDDAIDAVVEEARNYTPTPPPVSTVDAAIQTVVRGARRYAKMKRRRRRVARRHRRRPGTAAQRAAAALLNRARRTGRRAAMRAARRLAAGIVTVPPRSRRRAAAAAAAAISAMTQGRRGNVYWVRDSVSGLRVPVRTRPPRN",6,"split_02_20"
"10515","P03254.1","MRHIICHGGVITEEMAASLLDQLIEEVLADNLPPPSHFEPPTLHELYDLDVTAPEDPNEEAVSQIFPDSVMLAVQEGIDLLTFPPAPGSPEPPHLSRQPEQPEQRALGPVSMPNLVPEVIDLTCHEAGFPPSDDEDEEGEEFVLDYVEHPGHGCRSCHYHRRNTGDPDIMCSLCYMRTCGMFVYSPVSEPEPEPEPEPEPARPTRRPKLVPAILRRPTSPVSRECNSSTDSCDSGPSNTPPEIHPVVPLCPIKPVAVRVGGRRQAVECIEDLLNESGQPLDLSCKRPRP",6,"split_02_20"
"31545","P36845.1","MTKRLRAEDDFNPVYPYGYARNQNIPFLTPPFVSSNGFQNFPPGVLSLKLADPITINNQNVSLKVGGGLTLQEETGKLTVNTEPPLHLTNNKLGIALDAPFDVIDNKLTLLAGHGLSIITKETSTLPGLVNTLVVLTGKGIGTDLSNNGGNICVRVGEGGGLSFNDNGDLVAFNKKEDKRTLWTTPDTSPNCRIDQDKDSKLSLVLTKCGSQILANVSLIVVAGRYKIINNNTNPALKGFTIKLLFDKNGVLMESSNLGKSYWNFRNQNSIMSTAYEKAIGFMPNLVAYPKPTTGSKKYARDIVYGNIYLGGKPHQPVTIKTTFNQETGCEYSITFDFSWAKTYVNVEFETTSFTFSYIAQE",6,"split_02_20"
"45659","CAA26029.1","MAKRARLSTSFNPVYPYEDESSSQHPFINPGFISPDGFTQSPNGVLSLKCVNPLTTASGSLQLKVGSGLTVDTTDGSLEENIKVNTPLTKSNHSINLPIGNGLQIEQNKLCSKLGNGLTFDSSNSIALKNNTLWTGPKPEANCIIEYGKQNPDSKLTLILVKNGGIVNGYVTLMGASDYVNTLFKNKNVSINVELYFDATGHILPDSSSLKTDLELKYKQTADFSARGFMPSTTAYPFVLPNAGTHNENYIFGQCYYKASDGALFPLEVTVMLNKRLPDSRTSYVMTFLWSLNAGLAPETTQATLITSPFTFSYIREDD",6,"split_02_20"
"10515","P14269.2","MALTCRLRFPVPGFRGRMHRRRGMAGHGLTGGMRRAHHRRRRASHRRMRGGILPLLIPLIAAAIGAVPGIASVALQAQRH",6,"split_02_20"
"343462","P35774.1","MTKRVRLSDSFNPVYPYEDESTSQHPFINPGFISPNGFTQSPNGVLTLKCLTPLTTTGGSLQLKVGGGLTVDDTNGFLKENISATTPLVKTGHSIGLPLGAGLGTNENKLCIKLGQGLTFNSNNICIDDNINTLWTGVNPTEANCQIMNSSESNDCKLILTLVKTGALVTAFVYVIGVSNNFNMLTTHRNINFTAELFFDSTGNLLTRLSSLKTPLNHKSGQNMATGAITNAKGFMPSTTAYPFNDNSREKENYIYGTCYYTASDRTAFPIDISVMLNRRAINDETSYCIRITWSWNTGDAPEVQTSATTLVTSPFTFYYIREDD",12,"split_01_20"
"10497","AAT84453.1","MASGGAFCLIANDGKADKIILAQDLLNSRISNIKNVNKSYGKPDPEPTLSQIEETHLVHFNAHFKPYVPVGFEYNKVRPHTGTPTLGNKLTFGIPQYGDFFHDMVGHHILGACHSSWQDAPIQGTSQMGAHGQLQTFPRNGYDWDNQTPLEGAVYTLVDPFGRPIVPGTKNAYRNLVYYCEYPGERLYENVRFDVNGNSLDEYSSDVTTLVRKFCIPGDKMTGYKHLVGQEVSVEGTSGPLLCNIHDLHKPHQSKPILTDENDTQRTCSHTNPKFLSQHFPENSHNIQTAGKQDITPITDATYLDIRRNVHYSCNGPQTPKYYQPPLALWIKLRFWFNENVNLAIPSVSIPFGERFITIKLASQKDLVNEFPGLFVRQSRFIAGRPSRRNIRFKPWFIPGVINEISLTNNELYINNLFVTPEIHNLFVKRVRFSLIRVHKTQVTHTNNNHHDEKLMSALKWPIEYMFIGLKPTWNISDQNPHQHRDWHKFGHVVNAIMQPTHHAEISFQDRDTALPDACSSISDISPVTYPITLPIIKNISVTAHGINLIDKFPSKFCSSYIPFHYGGNAIKTPDDPGAMMITFALKPREEYQPSGHINVSRAREFYISWDTDYVGSITTADLVVSASAINFLLLQNGSAVLRYST",13,"split_02_20"
"28285","P03255.1","MRHIICHGGVITEEMAASLLDQLIEEVLADNLPPPSHFEPPTLHELYDLDVTAPEDPNEEAVSQIFPDSVMLAVQEGIDLLTFPPAPGSPEPPHLSRQPEQPEQRALGPVSMPNLVPEVIDLTCHEAGFPPSDDEDEEGEEFVLDYVEHPGHGCRSCHYHRRNTGDPDIMCSLCYMRTCGMFVYSPVSEPEPEPEPEPEPARPTRRPKMAPAILRRPTSPVSRECNSSTDSCDSGPSNTPPEIHPVVPLCPIKPVAVRVGGRRQAVECIEDLLNEPGQPLDLSCKRPRP",6,"split_02_20"
"10515","CAC67479.1","MQRAAMYEEGPPPSYESVVSAAPVAAALGSPFDAPLDPPFVPPRYLRPTGGRNSIRYSELAPLFDTTRVYLVDNKSTDVASLNYQNDHSNFLTTVIQNNDYSPGEASTQTINLDDRSHWGGDLKTILHTNMPNVNEFMFTNKFKARVMVSRSLTKDKQVELKYEWVEFTLPEGNYSETMTIDLMNNAIVEHYLKVGRQNGVLESDIGVKFDTRNFRLGFDPVTGLVMPGVYTNEAFHPDIILLPGCGVDFTHSRLSNLLGIRKRQPFQEGFRITYDDLEGGNIPALLDVDAYQASLKDDTEQGGDGAGGGNNSGSGAEENSNAAAAAMQPVEDMNDHAIRGDTFATRAEEKRAEAEAAAEAAAPAAQPEVEKPQKKPVIKPLTEDSKKRSYNLISNDSTFTQYRSWYLAYNYGDPQTGIRSWTLLCTPDVTCGSEQVYWSLPDMMQDPVTFRSTSQISNFPVVGAELLPVHSKSFYNDQAVYSQLIRQFTSLTHVFNRFPENQILARPPAPTITTVSENVPALTDHGTLPLRNSIGGVQRVTITDARRRTCPYVYKALGIVSPRVLSSRTF",6,"split_02_20"
"10254","AAO89429.1","MDGTLFPGDDDLAIPATEFFSTKAAKKPEAKREAIVKADEDDNEETLKQRLTNLEKKITNVTTKFEQIEKCCKRNDEVLFRLENHAETLRAAMISLAKKIDVQTGRRPYE",12,"split_01_20"
"10254","AAO89367.1","MGAAASIQTTVNTLSERISSKLEQEANASAQTKCDIEIGNFYIRQNHGCNLTVKNMCSADADAQLDAVLSAATETYSGLTPEQKAYVPAMFTAALNIQTSVNTVVRDFENYVKQTCNSSAVVDNKLKIQNVIIDECYGAPGSPTNLEFINTGSSKGNCAIKALMQLTTKATTQIAPKQVAGTGVQFYMIVIGVIILAALFMYYAKRMLFTSTNDKIKLILANKENVHWTTYMDTFFRTSPMVIATTDMQN",6,"split_02_20"
"10254","P68633.1","MNSLSIFFIVVATAAVCLLFIQGYSIYENYGNIKEFNATHAAFEYSKSIGGTPALDRRVQDVNDTISDVKQKWRCVVYPGNGFVSASIFGFQAEVGPNNTRSIRKFNTMQQCIDFTFSDVININIYNPCVVPNINNAECQFLKSVL",14,"split_05_20"
"28282","CAA51879.1","MEREIPPELGLHAGLHVNAAVEGMAEEEGLHLLAGAAFDHAAAADVARGEGGGAEPCGGGEVNMEQQVQEGHVLDSGEGPSCADDRDKQEKKESLKEAAVLSRLTVNLMSRPRLETVYWQELQDEFQRGDMHLQYKYSFEQLKTHWLEPWEDMECAIKAFAKLALRPDCSYRITKTVTITSCAYIIGNGAIVEVDTSDRVAFRCRMQGMGPGVVGLDGITFINVRFAGDKFKGIMFEANTCLVLHGVYFLNFSNICVESWNKVSARGCTFYGCWKGLVGRPKSKLSVKKCLFEKCVLALIVEGDAHIRHNAASENACFVLLKGMAILKHNMVCGVSDQTMRRFVTCADGNCHTLKTVHIVSHSRHCWPVCDHNMFMRCTIHLGLRRGMFRPSQCNFSHSNIMLEPEVFSRVCLNGVFDLSVELCKVIRYNDDTRHRCRQCECGSSHLELRPIVLNVTEELRSDHLTLSCLRTDYESSDEDDN",15,"split_01_20"
"28284","AAA42444.1","MERPNSSVAGLYSGLHGNGSVENLATEEEGLRLLAGARSARFGSSAGRGGGGEPEGRPGPFNGIVTEPDPEEGTSSGQRGGINGQRGTKRKMENEGEDFLKELTLSLMSRRHHESVWWADLEDEFKNGEMNLLYKYTFEQLKTHWLEAWEDFELALNTFAKVALRPDTIYTIKKTVNIRKCAYVLGNGAVVRFQTCDRVAFNCAMQSLGPGLIGMSGVTFMNVRFVVEGFNGTVFASTTQLTLHGVFFQNCSGICVDSWGRVSARGCTFVACWKGVVGRNKSQMSVKKCVFERCIMAMVVEGQARIRHNAGSDNVCFLLLKGTASVKHNMICGGGHSQLLTCADGNCQALRVFHVVSHPRRPWPVFEHNMLMRCTVHLGARRGMFSPYQSNFCHTKVLMETDAFSRVWWNGVFDLTMELFKVVRYDESKVRCRPCECGANHIRLYPTTLNVTEQLRTDHQMMSCLRTDYESSDED",16,"split_05_20"
"10249","P20535.1","MDGTLFPGDDDLAIPATEFFSTKADKKPEAKREAIVKADEDDNEETLKQRLTNLEKKITNVTTKFEQIEKCCKRNDEVLFRLENHAETLRAAMISLAKKIDVQTGRRPYE",16,"split_05_20"
"10249","P21115.1","MKTISVVTLLCVLPAVVYSTCTVPTMNNAKLTSTETSFNNNQKVTFTCDQGYHSSDPNAVCETDKWKYENPCKKMCTVSDYISELYNKPLYEVNSTMTLSCNGETKYFRCEEKNGNTSWNDTVTCPNAECQPLQLEHGSCQPVKEKYSFGEYMTINCDVGYEVIGASYISCTANSWNVIPSCQQKCDIPSLSNGLISGSTFSIGGVIHLSCKSGFILTGSPSSTCIDGKWNPVLPICVRTNEEFDPVDDGPDDETDLSKLSKDVVQYEQEIESLEATYHIIIVALTIMGVIFLISVIVLVCSCDKNNDQYKFHKLLP",17,"split_04_20"
"10249","P20508.1","MPQQLSPINIETKKAISNARLKPLDIHYNESKPTTIQNTGKLVRINFKGGYISGGFLPNEYVLSSLHIYWGKEDDYGSNHLIDVYKYSGEINLVHWNKKKYSSYEEAKKHDDGLIIISIFLQVSDHKNVYFQKIVNQLDSIRSANTSAPFDSVFYLDNLLPSTLDYFTYLGTTIKHSADAVWIIFPTPINIHSDQLSKFRTLLSSSNHDGKPYYITENYRNPYKLNDDTQVYYSGEIIRAATTSPARENYFMRWLSDLRETCFSYYQKYIEGNKTFAIIAIVFVFILTAILFLMSRRYSREKQN",18,"split_03_20"
"10524","ADN06458.1","MEEDLIQPQPDSETLTSPTSEVGAVELVEHEDDERVEQDPGYVTPPKDGKESVSVSPLTEADYLGGEDDVLLKHVLRQSTIVQEAFKDYSGFPLTVEELSRTYEANLFSPRVPPKKQANGTCEPNPRLNFYPVFAVPEALATYHIFFKNQRIPLSCRANRTQGDRILHLKAGAHIPEIVSLEEVPKIFEGLGKDEKRAANALQKSETENQNVLVELDGDNARLAVLKRTIEVSHFAYPALNLPPKVMRSVMDHLLIKRVEPLDSDQPEQNSEDGQPVVSDDDLARWLDTHDPTTLQERRKMMMAVILVTVELECLQRFFANPQTLRKIEESLHYAFRHGYVRQACKISNVELSNLVSYMGILHENRLGQNVLHCTLQGEARRDYVRDCIYLFLILTWQTAMGVWQQCLEERNLRELEKLLVRNRRELWTAFSERTAACQLADLIFPERLMQTLQNGLPDFVSQSILQNFRSFILERSGILPAMSCALPSDFVPLCYRECPPPLWSHCYLLRLANYLAHHSDLMENSSGEGLLECHCRCNLCTPHRSLVCNTELLSETQVIGTFEIQGPEQQEGASNLKLTPALWTSAYLRKFIPEDYHAHQIKFYEDQSRPPKAPLTACVITQSQILAQLQAIQQARQEFLLKKGHGVYLDPQTGEELNTPSPSAAASCRPQKHAAQREQASHCGSAVPKATETARAVGRGGGGILGRQPGRGSFRRGGNGELGKSRRGAGGQTPQGRGGRNHRQRRGTVFQRTRSEPASDGESRTVPAAARLVESQP",19,"split_05_20"
"10530","AAA42429.1","MEDRQALEEAGEEMGFPVVNISGGGRGRRGNYSNDGSGARELSLRVNEEVTEPPYNSITYAEVLRLYRQNGFSFFLSNLHFEQIKYFEHREGEGDLGAIIREHGKIVLDPNVVYHLRRPLKIQSLCYIVGRGAVIKVHASVGQQAVHVYRQLDISPRIMGMLNVTFLECKFHWADDEGVNFERLARHFTLFFLTYESVFFACDFVGFPGLTLRSTCLLRVEGCTFTSCAVGIHHADVADLKVKACYFNHCSVCIFADGPADVLRNCATNCDCFVIMEQEGSVVGNSVVYKLPPSRADDLMICQQGYMYPLSSIHIVRNLSCEYPKLKNNVFSHVDMHVGLRQGLQHFNQCNLSFVYCMLETESVPKVSFYSSYIQTLTVAQIVQFSREHSRECQCFCGGRHRLLFPSVVHITPTVVPDRTRFTVDVEELSDGMYETNMGEGKCLLCN",20,"split_03_20"
"28285","AAQ17122.1","MEAWECLEDFSAVRNLLEQSSNSTSWFWRFLWGSSQAKLVCRIKEDYKWEFEELLKSCGELFDSLNLGHQALLQEKVIKTLDFSTPGRAAAAVAFLSFIKDKWSEETHLSGGYLLDFLAMHLWRAVVRHKNRLLLLSSVRPAIIPTEEQQQQQEEARRRRQEQSPWNPRAGLDPRE",21,"split_03_20"
"45659","ABU63117.1","MATPSMMPQWAYMHIAGQDASEYLSPGLVQFARATDTYFSMGNKFRNPTVAPTHDVTTDRSQRLMLRFVPVDREDNTYSYKVRYTLAVGDNRVLDMASTFFDIRGVLDRGPSFKPYSGTAYNSLAPKGAPNTSQWIVTTNRDNAVTTTTNTFGIASMKGDNITKEGLQIGKDITTTEGEEKPIYADKTYQPEPQVGEESWTDTDGTNEKFGGRALKPATNMKPCYGSFARPTNIKGGQAKNRKVKPTTEGGVETEEPDIDMEFFDGRDAVAGALAPEIVLYTENVNLETPDSHVVYKPGTSDNSHANLGQQAMPNRPNYIGFRDNFVGLMYYNSTGNMGVLAGQASQLNAVVDLQDRNTELSYQLLLDSLGDRTRYFSMWNQAVDSYDPDVRIIENHGIEDELPNYCFPLDGIGPGHRYQGIKVKTDDANGWEKDANVDTANEIAIGNNLAMEINIQANLWRSFLYSNVALYLPDVYKYTPPNITLPTNTNTYEYMNGRVVSPSLVDSYINIGARWSLDPMDNVNPFNHHRNAGLRYRSMLLGNGRYVPFHIQVPQKFFAVKNLLLLPGSYTYEWNFRKDVNMVLQSSLGNDLRTDGATISFTSINLYATFFPMAHNTASTLEAMLRNDTNDQSFNDYLSAANMLYPIPANATNIPISIPSRNLAAFRGWSFTRLKTKETPSLGSGFDPYFVYSGSIPYLDGTFYLNHTFKKVSIMFDSSVSWPGNDRLLSPNEFEIKRTVDGEGYNVAQCNMTKDWFLVQMLANYNIGYQGFYIPEGYKDRMYSFFRNFQPMSRQVVDEVNYTDYKAVTLPYQHNNSGFVGYLAPTMRQGEPYPANYPYPLIGTTAVKSVTQKKFLCDRTMWRIPFSSNFMSMGALTDLGQNMLYANSAHALDMTFEVDPMDEPTLLYLLFEVFDVVRVHQPHRGVIEAVYLRTPFSAGNATT",9,"split_04_20"
"46941","ABA00023.1","MATPSMMPQWAYMHIAGQDASEYLSPGLVQFARATDTYFSLGNKFRNPTVAPTHDVTTDRSQRLTLRFVPVDREDTTYSYKARLTLDVGDNRVLDMASTYFDIRGVLDRGPSFKPYSGTAYNSLAPKGAPNSSQWEQKKANGGPNEMETHTFGVAAMGGENITKDGLQIGTETTAENQNKEIFADKTFQPEPQVGEENWQETFNFYGGRALKKETKMKPCYGSFARPMNEKGGQAKFLTKENGELTEDQDIDLNFFDINNPDTGGVANQPDIIMYAENVNLETPDTHVVYKSGKEDDSSEANLLQQSMPNRPNYIGFRDNFVGLMYYNSTGNMGVLAGQASQLNAVVDLQDRNTELSYQLLLDSLGDRTRYFSMWNSAVDSYDPDVRIIENHGVEDELPNYCFPLNGMGSNAAYQGVKPKDNGGWDPNTNAARQNRIAMGNVYAMEINLQANLWKSFLYSNVALYLPDSYKYTPANVTLPANTNTYDYMNGRVVAPSLVDAYVNIGARWSLDPMDNVNPFNHHRNAGLRYRSMLLGNGRYVPFHIQVPQKFFAIKNLLLLPGSYTYEWNFRKDVNMILQSSLGNDLRVDGASVRFDSVNLYATFFPMAHNTASTLEAMLRNDTNDQSFNDYLSGANMLYPIPAKATNVPISIPSRNWAAFRGWSFTRLKTKETPSLGSGFDPYFVYSGSIPYLDGTFYLNHTFKKVSIMFDSSVSWPGNDRLLTPNEFEIKRSVDGEGYNVAQCNMTKDWFLVQMLSHYNIGYQGFHVPEGYKDRMYSFFRNFQPMSRQVVDEINYKDYKAVTLPFQHNNSGFTGYLAPTMRQGQPYPANFPYPLIGSTAVPSVTQKKFLCDRVMWRIPFSSNFMSMGALTDLGQNMLYANSAHALDMTFEVDPMDEPTLLYLLFEVFDVVRVHQPHRGVIEAVYLRTPFSAGNATT",22,"split_03_20"
"28282","CAA51888.1","MPSMTKRKFKEELLQALAPEIYGPSDNLTKRDIKHVKKREKKEEEVAAASADGVEFVRSFAPRRRVQWKGRQVKRILRPGTTVVFSPGERTIMRPLKREYDEVYADDDILEQAAQQTGEFAYGKKGRYGDKIAIPLDEGNPTPSLKAVTLQQVLPVLGPSEEKRGIKREAMDELQPTMQLMVPKRQKLEDVLEHMKVDPSVQPDVKVRPIKKVAPGLGVQTVDIQIPVQTALGETMEIQTSPIKTTVNASVQTDPWYPPVLSTKKKRHYRQTSSLLPDYVLHPSIVPTPGYRGTTFQRRATAPSRRRGPSRRRRRRKATLAPAAVRRVVQRGRTLILPSVRYHPSIL",12,"split_01_20"
"10498","Q00946.1","MSILEKITSSPSECAEHLTNKDSCLSKKIQKELTSFLEKKETLGCDSESCVITHPAVKAYAQQKGLDLSKELETRFKAPGPRNNTGLLTNFNIDETLQRWAIKYTKFFNCPFSMMDFERVHYKFNQVDMVKVYKGEELQYVEGKVVKRPCNTFGCVLNTDFSTGTGKHWVAIFVDMRGDCWSIEYFNSAGNSPPGPVIRWMERVKQQLLKIHHTVKTLAVTNIRHQRSQTECGPYSLFYIRARLDNVSYAHFISARITDEDMYKFRTHLFRIA",23,"split_03_20"
"10498","Q65165.1","MYHDYASKLLADYRSDPPLWESDLPRHNRYSDNILNSRYCGNKNGAAPVYNEYTNSPEKAEKGLQLSDLRNFSFMLNPQHKNIGYGDAQDLEPYSSIPKNKLFNHFKNHRPAFSTHTENLIRRNVVRTEKKTFPQVASLKGTQKNCLTQPSSLPSLKNPKNSSVPSTRFSEHTKFFSYEDIPKLKTKGTIKHEQHLGDQMPGQHYNGYIPHKDVYNILCLAHNLPASVEKGIAGRGIPLGNPHVKPNIEQELIKSTSTYTGVPMLGPLPPKDSQHGREYQEFSANRHMLQVANILHSVFANHSIKPQILEDIPVLNAQLTSIKPVSPFLNKAYQTHYMENIVTLVPRFKSIANYSSPIPNYSKRNSGQAEYFDTSKQTISRHNNYIPKYTGGIGDSKLDSTFPKDFNASSVPLTSAEKDHSLRGDNSACCISSISPSL",24,"split_05_20"
"10498","Q08358.3","MGNRGSSTSSRPPLSSEANLYAKLQDHIQRQTRPFSGGGYFNGGGDKNPVQHIKDYHIDSVSSKAKLRVIEGIIRAIAKIGFKVDTKQPIEDILKDIKKQLPDPRAGSTFVKNAEKQETVCKMIADAINQEFIDLGQDKLIDTTDGAASICRQIVLYINSLTHGLRAEYLDVHGSIENTLENIKLLNDAIKQLHERMVTEVTKAAPNEEVINAVTMIEAVYRRLLNEQNLQINILTNFIDNILTPTQKELDKLQTDEVDIIKLLNDTNSVLGTKNFGKVLSYTLCNLGIAASVANKINKALQKVGLKVEQYLQSKNWAEFDKELDLKRFSGLVSAENIAEFEKAVNLLRQTFNERHKILENSCAKKGGDEEKTPLDRRIEAQRLDRKHILMEFLNKSTQAYNDFLENVKKIGIKLVKEIALTPNITRLRDALSRINDMGTIALDLSLIGFYTNAAAREERETFLTQFMLVKNVLEEQSKIDPNFKNLYDSCSRLLQIIDFYTDIVQKKYGGGEDCECTRVGGAALTVEELGLSKAARSQVDLNQAINTFMYYYYVAQIYSNLTHNKQEFQSYEENYATILGDAIAGRLMQLDTEKNARINSPAVDLARGHVGPNPGGAQEADWKAAVSAIELEYDVKRRFYRALEGLDLYLKNITKTFVNNIDSIQTVQQMLDGVRIIGRWFTEATGDTLAQVFESFPTSAGNDSNVFTDNAPAGHYYEKVAAEIQQGRSVGTLRPVRASQAKNIRDLIGRSLSNFQALKNIINAFARIGDMLGGEELRQMVPMSPLQIYKTLLEYIQHSALSVGLKNLNQSEIGGQRVALARTPEEAAQRVYLSTVRVNDALSTRWETEDVFFTFMLKSMAAKIFIVLGIYDMFERPEPVYKLIPTRMILGGADELEPEVIPEAAELYFRLPRLAEFYQKLFSFRDENVQISMLPELEGIFSGLIRIIFMRPIELINIGDYSETEIRQLIKEINVIYQHFNLEYGEQEATKKALIHFVNEINRRFGVITRTEWEKFQRIVQEARTMNDFGMMNQTNYSILPDEDGYTQSSQLLPSDRFISPSTQPTPKWRPALYNIDSVDVQTGMLQPNSQWDLVQKFRKQLSEMFEDPSLQQELGKVSYQELIRQAINELKKEHTDKIQIVSKLIQGSESLADTDVNKIFLFHETVITGLNLLSAIYVLLNNFRNNIKGLDLDTIQKSIIEWLRETQAANVNRANLIDWLGRKHGAISEIRNPGLVVKENDVRLSRVYPDPTTNATAPQDQNLVTETLFAWIVPYVGIPAGGGVRAEQELAARYLVDNQRIMQLLLTNIFEMTSSFNKMVQVRFPETSTAQVHLDFTGLISLIDSLMADTKYFLNLLRPHIDKNIIQYYENRSNPGSFYWLEEHLIDKLIKPPTDAGGRPLPGGELGLEGVNQIINKTYILLTKPYNVLQLRGGVQRRDAANIQINNNPQPSERFEQYGRVFSRLVFYDALENNSGLRVEQVVLGDFRLSNLIRTNNAQEENTLSYWDNMAPRTYANVNDAANNLRRYRLYGSDYGIQNNRSMMMVFNQLVASYIARFYDAPSGKIYLNLINAFANGNFSQAVMELGYTHPDLARDNIAFGHRGDPTEQSVLLLSLGLMLQRLIKDTNRQGLSQHLISTLTEIPIYLKENYRANLPLFNKMFNILISQGELLKQFIQYTNVQLARPNLMGLLGANNDSVIYYNNNINVPMTGLSVGQAALRGIGGVFRPNVTLMPLGDAQNNTSDVVRKRLVAVIDGIIRGSHTLADSAMEVLHELTDHPIYLETEEHFIQNYMSRYNKEPLMPFSLSLYYLRDLRIENNEVYDPLLYPNLESGSPEFKLLYGTRKLLGNDPVQLSDMPGVQLIMKNYNETVVAREQITPTRFEHFYTHAIQALRFIVNIRSFKTVMMYNENTFGGVNLISENRDDKPIITAGIGMNAVYSLRKTLQDVISFVESSYQEEQINHIHKIVSPKGQTRTLGSNRERERIFNLFDMNIIPINVNALMRSIPLANIYNYDYSFEEIACLMYGISAEKVRSLNTAAPQPDIAEVLNIPNRPPMNTREFMLKLLINPYVSVSITQYGNELMSKGSAGYMSRIFRGDNALNMGRPKFLSDQIFNKVLFGSLYPTQFDYDEAGPGLAAGIQRGREQWGQPLSEYINQALHELVRTIRIPQKLRVLRNIIVKNQLIADLTTIREQLVSMRREVENMIQTPEIQNNPTPEVIAAAQNWTQQYRARVDTLINFIGNIGQPNSMLDLIQTITPVTVRAQLGVIFNRHGIPVPHPRQILQTDDEATQWFMTNILNIPAIIMTPFTDLANDLRTFLETLERYVFNVPRWLGPSTGRVARAPVRMAPRDMRHPISYTENSVLTYITEQNREEGPWSIVKQVGVGIQKPTLVQIGKDRFDTRLIRNLIFITNIQRLLRLRLNLELSQFRNVLVSPDHIINPSITEYGFSITGPSETFSDKQYDSDIRIL",25,"split_05_20"
"10498","Q89769.1","MPTKAGTKSTANKKTTKGSSKSGSSRGHTGKTHASSSMHSGMLYKDMVNIARSRGIPIYQNGSRLTKSELEKKIKRSK",25,"split_05_20"
"10498","Q07344.1","MEAVLTKLDQEEKKALQNFHRCAWEETKNIINDFLEIPEERCTYKFNSYTKKMELLFTPEFHTAWHEVPECREFILNFLRLISGHRVVLKGPTFVFTKETKNLGIPSTINVDFQANIENMDDLQKGNLIGKMNIKEG",6,"split_02_20"
"10498","P32510.1","MALDGSSGGGSNVETLLIVAIIVVIMAIMLYYFWWMPRQQKKCSKAEECTCNNGSCSLKTS",6,"split_02_20"
"10498","Q65201.1","MADFNSPIQYLKEDSRDRTSIGSLEYDENSDTIIPSFAAGLEDFEPIPSPTTSTSLYSQLTHNMEKIAEEEDINFLHDTREFTSLVPDKADNKPEDDEESGAKPKKKKHLFPKLSSHKSK",4,"split_02_20"
"10498","Q89424.1","MDTETSPLLSHNLSTREGIKQSTQGLLAHTIARYPGTTAILLGILILLVIILIIVAIVYYNRSVDCKSSMPKPPPSYYVQQPEPHHHFPVFFRKRKNSTSLQSHIPSDEQLAELAHS",8,"split_02_20"
"10498","P23169.1","MFNIKMTISTLLIALIILVIIILVVFLYYKKQQPPKKVCKVDKDCGSGEHCVRGTCSTLSCLDAVKMDKRNIKIDSKISSCEFTPNFYRFTDTAADEQQEFGKTRHPIKITPSPSESHSPQEVCEKYCSWGTDDCTGWEYVGDEKEGTCYVYNNPHHPVLKYGKDHIIALPRNHKHA",26,"split_05_20"
"10498","P34204.3","MDFILNISMKMEVIFKTDLRSSSQVVFHAGSLYNWFSVEIINSGRIVTTAIKTLLSTVKYDIVKSAHIYAGQGYTEHQAQEEWNMILHVLFEEETESSASSESIHEKNDNETNECTSSFETLFEQEPSSEEPKDSKLYMLAQKTVQHIEQYGKAPDFNKVIRAHNFIQTIHGTPLKEEEKEVVRLMVIKLLKKNKLLSHLHLMF",27,"split_04_20"
"10498","Q65194.1","MDSEFFQPVYPRHYGECLSPVTPPSFFSTHMYTILIAIVVLVIIIIVLIYLFSSRKKKAAAAIEEEDIQFINPYQDQQWAEVTPQPGTSKPAGATTASAGKPVTGRPATNRPATNKPVTDNPVTDRLVMATGGPAAAPAAASAHPTEPYTTVTTQNTASQTMSAIENLRQRNTYTHKDLENSL",8,"split_02_20"
"10498","P22776.2","MASGGAFCLIANDGKADKIILAQDLLNSRISNIKNVNKSYGKPDPEPTLSQIEETHLVHFNAHFKPYVPVGFEYNKVRPHTGTPTLGNKLTFGIPQYGDFFHDMVGHHILGACHSSWQDAPIQGTAQMGAHGQLQTFPRNGYDWDNQTPLEGAVYTLVDPFGRPIVPGTKNAYRNLVYYCEYPGERLYENVRFDVNGNSLDEYSSDVTTLVRKFCIPGDKMTGYKHLVGQEVSVEGTSGPLLCNIHDLHKPHQSKPILTDENDTQRTCSHTNPKFLSQHFPENSHNIQTAGKQDITPITDATYLDIRRNVHYSCNGPQTPKYYQPPLALWIKLRFWFNENVNLAIPSVSIPFGERFITIKLASQKDLVNEFPGLFIRQSRFIPGRPSRRNIRFKPWFIPGVINEISLTNNELYINNLFVTPEIHNLFVKRVRFSLIRVHKTQVTHTNNNHHDEKLMSALKWPIEYMFIGLKPTWNISDQNPHQHRDWHKFGHVVNAIMQPTHHAEISFQDRDTALPDACSSISDISPVTYPITLPIIKNISVTAHGINLIDKFPSKFCSSYIPFHYGGNAIKTPDDPGAMMITFALKPREEYQPSGHINVSRAREFYISWDTDYVGSITTADLVVSASAINFLLLQNGSAVLRYST",5,"split_02_20"
"10498","Q65196.1","MSEDIRRGPGRPPKKRVVPNFERKGILEKPVRPQSRLEFSYDNPLIFKNLFIYFKNLKSKNILVRCTPTEITFFSRDQSQASFVIATIDGKNVNHYYASDVFWLGINRELVEKMFNSIDRSFLKITIVHRYDKPETLFFIFTDFDIDKECTYQITVSEPELDMDLIEMEKSISEERLKNYPLRWEFTSKQLKKTFSDLSNYTELVTIEKLGGDTPLHLYFQKFNSISYHEMYKSSNKINLTSTIPKSQVFQINVKIAHIKSLASAMVTDKIRILCEENGNLIFQSEMDALMLNTITLNNTI",28,"split_01_20"
"10498","Q65187.1","MAGRVKIKQKELIDSTVKNKNVMNLFHEIIGSKGNINFSVVWPKFKKIKQSVYDYISTLSVLEKASVMQNFEADKKLLELFVQKLWAAYEGYFKYPEIEKYEVEGQVNFNLVPQCVLEKFSQLYRIRINSELVTLILNSCAFMSKYNDYILKKDPYILTITPGLCFSPIPNFEDLNFKHLYNSDKNSQHDKEFIMFILYKLYTAALGVYNAISIPDIDVEDLENIILSSVSQIKKQIPRCKDAFNKIESSVHLLRKNFNTYYSDYVGSGYNPTIIMEQYIKDISQDSKNISPRISYQFRTIIKYYRDMIATRHQTMDPQVLNLVKHVEKKLDMLDREKN",3,"split_01_20"
"10254","AAO89411.1","MIGILLLIGICVAVTVAILYSMYNKIKNSQNPNPSPNLNSPPPEPKNTKFVNNLEKDHISSLYNLVKSSV",29,"split_01_20"
"10519","AAR00749.1","MATPSMMPQWAYMHIAGQDASEYLSPGLVQFARATDTYFSMGNKFRNPTVAPTHDVTTDRSQRLMLRFVPVDREDNTYSYKVRYTLAVGDNRVLDMASTFFDIRGVLDRGPSFKPYSGTAYNSLAPKGAPNTSQWIVTTGEDNATTYTFGIASTKGDNITKEGLEIGKDITADNKPIYADKTYQPEPQVGEESWTDIDGTNEKFGGRALKPATKMKPCYGSFARPTNIKGGQAKNRKVTPTEGDVEAEEPDIDMEFFDGREAADAFSPEIVLYTENVNLETPDSHVVYKPGTSDGNSHANLGQQAMPNRPNYIGFRDNFVGLMYYNSTGNMGVLAGQASQLNAVVDLQDRNTELSYQLLLDSLGDRSRYFSMWNQAVDSYDPDVRIIENHGVEDELPNYCFPLDGIGPGNKYQGIKPRDTAWEKDTKVSTANEIAIGNNQAMEINIQANLWRSFLYSNVALYLPDVYKYTPTNITLPANTNTYEYMNGRVVSPSL",30,"split_05_20"
"108098","AAZ15255.1","MATPSMMPQWAYMHIAGQDASEYLSPGLVQFARATDTYFSMGNKFRNPTVAPTHDVTTDRSQRLMLRFVPVDREDNTYSYKVRYTLAVGDNRVLDMASTFFDIRGVLDRGPSFKPYSGTAYNSLAPKGAPNTSQWIVTTNRDNAVTTTTNTFGIASMKGDNITKEGLQIGKDITTTEGEEKPIYADKTYQPEPQVGEESWTDTDGTNEKFGGRALKPATNMKPCYGSFARPTNIKGGQAKNRKVKPTTEGGVETEEPDIDMEFFDGRDAVAGALAPEIVLYTENVNLETPDSHVVYKPGTSDNSHANLGQQAMPNRPNYIGFRDNFVGLMYYNSTGNMGVLAGQASQLNAVVDLQDRNTELSYQLLLDSLGDRTRYFSMWNQAVDSYDPDVRIIENHGIEDELPNYCFPLDGIGPGHRYQGIKVKTDDANGWEKDANVDTANEIAIGNNLAMEINIQANLWRSFLYSNVALYLPDVYKYTPPNITLPTNTNTYEYMNGRVVSPSLVDSYINIGARWSLDPMDNVNPFNHHRNAGLRYRSMLLGNGRYVPFHIQVPQKFFAVKNLLLLPGSYTYEWNFRKDVNMVLQSSLGNDLRTDGATISFTSINLYATFFPMAHNTASTLEAMLRNDTNDQSFNDYLSAANMLYPIPANATNIPISIPSRNWAAFRGWSFTRLKTKETPSLGSGFDPYFVYSGSIPYLDGTFYLNHTFKKVSIMFDSSVSWPGNDRLLSPNEFEIKRTVDGEGYNVAQCNMTKDWFLVQMLANYNIGYQGFYIPEGYKDRMYSFFRNFQPMSRQVVDEVNYTDYKAVTLPYQHNNSGFVGYLAPTMRQGEPYPANYPYPLIGTTAVKSVTQKKFLCDRTTWRIPFSSNFMSMGALTDLGQNMLYANSAHALDMTFEVDPMDEPTLLYLLFEVFDVVRVHQPHRGVIEAVYLRTPFSAGNATT",23,"split_03_20"
"45659","AAO24082.1","MATPSMMPQWAYMHIAGQDASGYLSPGLVQFARATDTYFSMGNKFRNPTVAPTHDVTTDRSQRLMLRFVPVDREDNTYSYKVRYTLAVGDNRVLDMASTFFDIRGVLDRGPSFKPYSGTAYNSLAPKGAPNTSQWIVTTNRDNAVTTTTNTFGIASMKGDNITKEGLQIGKDITTTEGEEKPIYADKTYQPEPQVGEESWTDTDVTNEKFGGRALKPATNMKPCYGSFARPTNIKGGQAKNRKVKPTTEGGVETEEPDIDMEFFDGRDAVAGALAPEIVLYTENVNLETPDSHVVYKPGTSDNSHANLGQQAMANRPNYIGFRDNFVGLMYYNSTGNMGVLAGQASQLNAVVDLQDRNTELSYQLLLDSLGDRTRYFSMWKQAVDSYDPDVRIIENHGIEDELPNYCFPLDGIGPGNRYQGIKVKTDDTNGWEKDANVATANEIAIGNNLAMEINIQANLWRSFLYSNVALYLPDVYKYTPPNITLPTNTNTYEYMNGRVVSPSLVDSYINIGARWSLDPMDNVNPFNHHRNAGLRYRSMLLGNGRYVPFHIQVPQKFFAVKNLLLLPGSYTYEWNFRKDVNMVLQSSLGNDLRTDGATISFTSINLYATFFPMAHNTASTLEAMLRNDTNDQSFNDYLSAANMLYPIPANATNIPISIPSRNWAAFRGWSFTRLKTKETPSLGSGFDPYFVYSGSIPYLDGTFYLNHTFKKVAIMFDSSVSWPGNDRLLSPNEFEIKRTVDGEGYNVAQCNMTKDWFLVQMLANYNIGYQGFYIPEGYKDRMYSFFRNFQPMSRQVVDEVNYTDYKAVTLPYQHNNSGFVGYLAPTMRQGEPYPANYPYPLIGTTAVKSVTQKKFLCDRTMWRIPFSSNFMSMGALTDLGQNMLYANSAHALDMTFEVDPMDEPTLLYLLFEVFDVVRVHQPHRGVIEAVYLRTPFSAGNATT",31,"split_03_20"
"108098","AGT77296.1","MATPSMMPQWAYMHIAGQDASEYLSPGLVQFARATDTYFSMGNKFRNPTVAPTHDVTTDRSQRLMLRFVPVDREDNTYSYKVRYTLAVGDNRVLDMASTFFDIRGVLDRGPSFKPYSGTAYNSLAPKGAPNTSQWIVTTNADQTTTTTTNTFGIAAMKGDNITKEGLQIGKDITTTEGEEKPIYADKTYQPEPQVGEESWTDTDGTNEKFGGRALKPATNMKPCYGSFARPTNIKGGQAKNRKVKPTTEGGVETEEPDIDMEFFDGRDAVAGALAPEIVLYAENVNLETPDSHVVYKPGASDNSHANLGQQAMPNRPNYIGFRDNFVGLMYYNSTGNMGVLAGQASQLNAVVDLQDRNTELSYQLLLDSLGDRTRYFSMWNQAVDSYDPDVRIIENHGIEDELPNYCFPLDGIGPGHTYQGIKVKTDDTNGWEKDANVATANEIAIGNNLAMEINIQANLWRNFLYSNVALYLPDVYKYTPANITLPANTNTYEYMNGRVVSPSLVDLYINIGARWSLDPMDNVNPFNHHRNAGLRYRSMLLGNGRYVPFHIQVPQKFFAVKNLLLLPGSYTYEWNFRKDVNMVLQSSLGNDLRTDGATISFTSINLYATFFPMAHNTASTLEAMLRNDTNDQSFNDYLSAANMLYPIPANATNIPISIPSRNWAAFRGWSFTRLKTKETPSLGSGFDPYFVYSGSIPYLDGTFYLNHTFKKVSIMFDSSVSWPGNDRLLSPNEFEIKRTVDGEGYNVAQCNMTKDWFLVQMLANYNIGYQGFYIPEGYKDRMYSFFRNFQPMSRQVVDEVNYTDYKAVTLPYQHNNSGFVGYLAPTMRQGEPYPANYPYPLIGTTAVKSVTQKKFLCDRTMWRIPFSSNFMSMGALTDLGQNLLYANSAHALDMTFEVDPMDEPTLLYLLFEVFDVVRVHQPHRGVIEAVYLRTPFSAGNATT",32,"split_03_20"
"45659","AAO24100.1","MATPSMMPQWAYMHIAGQDASEYLSPGLVQFARATDTYFSMGNKFRNPTVAPTHDVTTDRSQRLMLRFVPVDREDNTYSYKVRYTLAVGDNRVLDMASTFFDIRGVLDRGPSFKPYSGTAYNSLAPKGAPNTSQWIVTTNRDNAVTTTTNTFGIASMKGDNITKEGLQIGKDITTTEGEEKPIYADKTYQPEPQVGEESWTDTDGTNEKFGGRALKPATNMKPCYGSFARPTNIKGGQAKNRKVKPTTEGGVETEEPDIDMEFFDGRDAVAGALAPEIVLYTENVNLETPDSHVVYKPGTSDNSHANLGQQAMPNRPNYIGFRDNFVGLMYYNSTGNMGVLAGQASQLNAVVDLQDRNTELSYQLLLDSLGDRTRYFSMWKQAVDSYDPDVRIIENHGIEDELPNYCFPLDGIGPGHTFQGVKVKTDDANGWEKDANVATANEIAIGNNLAMEINIQANLWRSFLYSNVALYLPDVYKYTPPNITLPTNTNTYEYMNGRVVSPSLVDSYINIGARWSLDPMDNVNPFNHHRNAGLRYRSMLLGNGRYVPFHIQVPQKFFAVKNLLLLPGSYTYEWNFRKDVNMVLQSSLGNDLRTDGATISFTSINLYATFFPMAHNTASTLEAMLRNDTNDQSFNDYLSAANMLYPIPANATNIPISIPSRNWAAFRGWSFTRLKTKETPSLGSGFDPYFVYSGSIPYLDGTFYLNHTFKKVAIMFDSSVSWPGNDRLLSPNEFEIKRTVDGEGYNVAQCNMTKDWFLVQMLANYNIGYQGFYIPEGYKDRMYSFFRNFQPMSRQVVDEVNYTDYKAVTLPYQHNNSGFVGYLAPTMRQGEPYPANYPYPLIGTTAVKSVTQKKFLCDRTMWRIPFSSNFMSMGALTDLGQNMLYANSAHALDMTFEVDPMDEPTLLYLLFEVFDVVRVHQPHRGVIEAVYLRTPFSAGNATT",33,"split_03_20"
"10245","Q1M1K6","MPQQLSPINIETKKAISNARLKPLDIHYNESKPTTIQNTGKLVRINFKGGYISGGFLPNEYVLSSLHIYWGKEDDYGSNHLIDVYKYSGEINLVHWNKKKYSSYEEAKKHDDGLIIISIFLQVLDHKNVYFQKIVNQLDSIRSANTSAPFDSVFYLDNLLPSKLDYFTYLGTTINHSADAVWIIFPTPINIHSDQLSKFRTLLSLSNHEGKPHYITENYRNPYKLNDDTEVYYSGEIIRAATTSPARENYFMRWLSDLRETCFSYYQKYIEGNKTFAIIAIVFVFILTAILFFMSRRYSREKQN",34,"split_03_20"
"10519","ACX32407.1","MATPSMMPQWAYMHIAGQDASEYLSPGLVQFARATDTYFSMGNKFRNPTVAPTHDVTTDRSQRLMLRFVPVDREDNTYSYKVRYTLAVGDNRVLDMASTFFDIRGVLDRGPSFKPYSGTAYNSLAPKGAPNTSQWIVTAGEERAVTTTTNTFGIASMKGDNITKEGLEIGKDITADNKPIYADKTYQPEPQVGEESWTDTDGTNEKFGGRALKPATKMKPCYGSFARPTNIKGGQAKNRKVKPTEGDVETEEPDIDMEFFDGREAADAFSPEIVLYTENVNLETPDSHVVYKPGTSDDNSHANLGQQAMPNRPNYIGFRDNFVGLMYYNSTGNMGVLAGQASQLNAVVDLQDRNTELSYQLLLDSLGDRTRYFSMWNQAVDSYDPDVRIIENHGIEDELPNYCFPLDGIGPAKTYQGIKSKDNGWEKDDNVSKSNEIAIGNNQAMEINIQANLWRSFLYSNVALYLPDVYKYTPTNITLPANTNTYEYMNGRVVSPSLVDSYINIGARWSLDPMDNVNPFNHHRNAGLRYRSMLLGNGRYVPFHIQVPQKFFAVKNLLLLPGSYTYEWNFRKDVNMVLQSSLGNDLRTDGATISFTSINLYATFFPMAHNTASTLEAMLRNDTNDQSFNDYLSAANMLYPIPANATNIPISIPSRNWAAFRGWSFTRLKTKETPSLGSGFDPYFVYSGSIPYLDGTFYLNHTFKKVSIMFDSSVSWPGNDRLLSPNEFEIKRTVDGEGYNVAQCNMTKDWFLVQMLANYNIGYQGFYIPEGYKDRMYSFFRNFQPMSRQVVDEVNYTDYKAVTLPYQHNNSGFVGYLAPTMRQGEPYPANYPYPLIGTTAVKSVTQKKFLCDRTMWRIPFSSNFMSMGALTDLGQNMLYANSAHALDMTFEVDPMDEPTLLYLLFEVFDVVRVHQPHRGVIEAVYLRTPFSAGNATT",5,"split_02_20"
"10254","P07612.3","MGAAASIQTTVNTLSERISSKLEQEANASAQTKCDIEIGNFYIRQNHGCNLTVKNMCSADADAQLDAVLSAATETYSGLTPEQKAYVPAMFTAALNIQTSVNTVVRDFENYVKQTCNSSAVVDNKLKIQNVIIDECYGAPGSPTNLEFINTGSSKGNCAIKALMQLTTKATTQIAPKQVAGTGVQFYMIVIGVIILAALFMYYAKRMLFTSTNDKIKLILANKENVHWTTYMDTFFRTSPMVIATTDMQN",35,"split_03_20"
"10244","AAN78223.1","MKTISVVTLLCVLPAVVYSTCTVPTMNNAKLTSTETSFNDKQKVTFTCDSGYHSLDPNAVCETDKWKYENPCKKMCTVSDYVSELYDKPLYEVNSTMTLSCNGETKYFRCEEKNGNTSWNDTVTCPNAECQPLQLEHGSCQPVKEKYSFGEYMTINCDVGYEVIGVSYISCTANSWNVIPSCQQKCDIPSLSNGLISGSTFSIGGVIHLSCKSGFTLTGSPSSTCIDGKWNPILPTCVRSNEEFDPVDDGPDDETDLSKLSKDVVQYEQEIESLEATYHIIIMALTIMGVIFLISIIVLVCSCDKNNDQYKFHKLLP",36,"split_01_20"
"10244","AAN78221.1","MGAAASIQTTVNTLSERISSKLEQEANASAQTKCDIEIGNFYIRQNHGCNITVKNMCSADADAQLDAVLSAATETYSGLTPEQKAYVPAMFTAALNIQTSVNTVVRDFENYVKQTCNSSAVVDNKLKIQNVIIDECYGAPGSPTNLEFINTGSSKGNCAIKALMQLTTKATTQIAPRQVAGTGVQFYMIVIGVIILAALFMYYAKRMLFTSTNDKIKLILANKENVHWTTYMDTFFRTSPMIIATTDMQN",27,"split_04_20"
"714978","AHK61135.1","MATPSMLPQWAYMHIAGQDASEYLSPGLVQFARATDTYFNLGNKFRNPTVAPTHDVTTDRSQRLMLRFVPVDREDNTYSYKVRYTLAVGDNRVLDMASTFFDIRGVLDRGPSFKPYSGTAYNSLAPKGAPNTSQWIAEGVKNGEERVTEEENNTTTYTFGNAPVKAEAEITKEGLPIGLKVSDEESKPIYADKTYQPEPQLGDETWTDLDGKTEKYGGRALKPDTKMKPCYGSFAKPTTVKGGQAKPKTTEQPNQKVEYDIDMEFFDAASQKTNLSPKIVMYAENVNLETPDTHVVYKPESEDTSSEANLGQQSMPNRPNYIGFRDNFIGLMYYNSTGNMGVLAGQASQLNAVVDLQDRNTELSYQLLLDSLGDRTRYFSMWNQAVDSYDPDVRVIENHGVEDELPNYCFPLNGIGVPTTSYKSIVSNGDNAPNWKEPEVNGTSEIRQGNLSAMEINLQANLWRSFLYSNVALYLPDSYKYTPSNVTLPENKNTYDYMNGRVVPPSLVDTYVNIGARWSLDAMDNVNPFNHHRNAGLRYRSMLLGNGRYVPFHIQVPQKFFAVKNLLLLPGSYTYEWNFRKDVNMVLQSSLGNDLRVDGASISFTSINLYATFFPMAHNTASTLEAMLRNDTNDQSFNDYLSAANMLYPIPANATNIPISIPSRNWAAFRGWSFTRLKTKETPSLGSGFDPYFVYSGSIPYLDGTFYLNHTFKKVSIMFDSSVSWPGNDRLLSPNEFEIKRTVDGEGYNVAQCNMTKDWFLVQMLANYNIGYQGFYIPEGYKDRMYSFFRNFQPMSRQVVDEVNYKDFKAVAIPYQHNNSGFVGYMAPTMRQGQPYPANYPYPLIGTTAVNSVTQKKFLCDRTMWRIPFSSNFMSMGALTDLGQNMLYANSAHALDMTFEVDPMDEPTLLYLLFEVFDVVRVHQPHRGIIETVYLRTPFSAGNATT",37,"split_01_20"
"10521","AAZ99996.1","MATPSMLPQWAYMHIAGQDASEYLSPGLVQFARATDTYFNLGNKFRNPTVAPTHDVTTDRSQRLMLRFVPVDREDNTYSYKVRYTLAVGDNRVLDMASTFFDIRGVLDRGPSFKPYSGTAYNSLAPKGAPNASQWLDKGVETTEERQNEDGENDEKATYTFGNAPVKADADITKDGLPIGLEVPAEGDPKPIYANKLYQPEPQVGQESWTDTDGTEEKYGGRVLKPDTKMKPCYGSFAKPTNVKGGQAKVKTEEAGNIEYDIDMNFFDLRSQKQGLKPKIVMYAENVDLESPDTHVVYKPEVSDASSNANLGQQSMPNRPNYIGFRDNFIGLMYYNSTGNMGVLAGQASQLNAVVDLQDRNTELSYQLLLDSLGDRTRYFSMWNQAVDSYDPDVRVIENHGVEDELPNYCFPLDGIGPRTDSYKEIQLNGDQAWKDVNPNGISELVKGNPFAMEINLQANLWRSFLYSNVALYLPDSYKYTPSNVTLPENKNTYDYMNGRVVPPSLVDTYVNIGARWSLDAMDNVNPFNHHRNAGLRYRSMLLGNGRYVPFHIQVPQKFFAVKNLLLLPGSYTYEWNFRKDVNMVLQSSLGNDLRVDGASISFTSINLYATFFPMAHNTASTLEAMLRNDTNDQSFNDYLSAANMLYPIPANATNIPISIPSRNWAAFRGWSFTRLKTKETPSLGSGFDPYFVYSGSIPYLDGTFYLNHTFKKVSIMFDSSVSWPGNDRLLSPNEFEIKRTVDGEGYNVAQCNMTKDWFLVQMLANYNIGYQGFYIPEGYKDRMYSFFRNFQPMSRQVVDEVNYKDFKAVAIPYQHNNSGFVGYMAPTMRQGQPYPANYPYPLIGTTAVNSVTQKKFLCDRTMWRIPFSSNFMSMGALTDLGQNMLYANSAHALDMTFEVDPMDEPTLLYLLFEVFDVVRVHQPHRGIIETVYLRTPFSAGNATT",38,"split_05_20"
"343463","ACZ06784.1","MATPSMLPQWAYMHIAGQDASEYLSPGLVQFARATDTYFNLGNKFRNPTVAPTHDVTTDRSQRLMLRFVPVDREDNTYSYKVRYTLAVGDNRVLDMASTFFDIRGVLDRGPSFKPYSGTAYNSLAPKGAPNTSQWIAEGVKNTTGEERVTEEENNTTTYTFGNAPVKAEAEITKEGLPIGLKVSDEESKPIYADKTYQPEPQLGDETWTDLDGKTEKYGGRALKPDTKMKPCYGSFAKPTTVKGGQAKPKTTEQPNQKVEYDIDMEFFDAASQKTNLSPKIVMYAENVNLETPDTHVVYKPESEDTSSEANLGQQSMPNRPNYIGFRDNFIGLMYYNSTGNMGVLAGQASQLNAVVDLQDRNTELSYQLLLDSLGDRTRYFSMWNQAVDSYDPDVRVIENHGVEDELPNYCFPLNGIGVPTTSYKSIVSNGDNAPNWKEPEVNGTSEIRQGNLSAMEINLQANLWRSFLYSNVALYLPDSYKYTPSNVTLPENKNTYDYMNGRVVPPSLVDTYVNIGARWSLDAMDNVNPFNHHRNAGLRYRSMLLGNGRYVPFHIQVPQKFFAVKNLLLLPGSYTYEWNFRKDVNMVLQSSLGNDLRVDGASISFTSINLYATFFPMAHNTASTLEAMLRNDTNDQSFNDYLSAANMLYPIPANATNIPISIPSRNWAAFRGWSFTRLKTKETPSLGSGFDPYFVYSGSIPYLDGTFYLNHTFKKVSIMFDSSVSWPGNDRLLSPNEFEIKRTVDGEGYNVAQCNMTKDWFLVQMLANYNIGYQGFYIPEGYKDRMYSFFRNFQPMSRQVVDEVNYKDFKAVAIPYQHNNSGFVGYMAPTMRQGQPYPANYPYPLIGTTAVNSVTQKKFLCDRTMWRIPFSSNFMSMGALTDLGQNMLYANSAHALDMTFEVDPMDEPTLLYLLFEVFDVVRVHQPHRGIIETVYLRTPFSAGNATT",12,"split_01_20"
"10254","P11258.3","MDGTLFPGDDDLAIPATEFFSTKAAKKPEAKREAIVKADEDDNEETLKQRLTNLEKKITNVTTKFEQIEKCCKRNDEVLFRLENHAETLRAAMISLAKKIDVQTGRRPYE",39,"split_05_20"
"28280","AGT51267.1","MATPSMLPQWAYMHIAGQDASEYLSPGLVQFARATDTYFSLGNKFRNPTVAPTHDVTTDRSQRLTLRFVPVDREDNTYSYKVRYTLAVGDNRVLDMASTYFDIRGVLDRGPSFKPYSGTAYNSLAPKGAPNTCQWKDANSKMHTFGVAAMPGVTGKKIEADGLPIRIDSTSGTDTVIYADKTFQPEPQVGNDSWVDTNDAEEKYGGRALKDTTNMKPCYGSFAKPTNKEGGQANLKDSETAATTPNYDIDLAFFDGKNIVANYDPDIVMYTENVDLQTPDTHIVYKPGKEDTSSESNLGQQAMPNRPNYIGFRDNFIGLMYYNSTGNMGVLAGQASQLNAVVDLQDRNTELSYQLLLDSLGDRTRYFSMWNQAVDSYDPDVRIIENHGVEDELPNYCFPLNGVGLTDTYQGVKVKTDAGSEKWDKDDTTVSTANEIHVGNPFAMEINIQANLWRNFLYANVALYLPDKYKYTPANITLPTNTNTYEYMNGRVVAPSLVDAYINIGARWSLDPMDNVNPFNHHRNAGLRYRSMLLGNGRYVPFHIQVPQKFFAIKNLLLLPGSYTYEWNFRKDVNMILQSSLGNDLRTDGASITFTSINLYATFFPMAHNTASTLEAMLRNDTNDQSFNDYLSAANMLYPIPANATNVPISIPSRNWAAFRGWSFTRLKTKETPSLGSGFDPYFVYSGSIPYLDGTFYLNHTFKKVSITFDSSVSWPGNDRLLTPNEFEIKRTVDGEGYNVAQCNMTKDWFLVQMLAHYNIGYQGFYVPEGYKDRMYSFFRNFQPMSRQVVDEVNYKDYQAVTLAYQHNNSGFVGYLAPTMRRGQPYPANYPYPLIGKSAVTSVTQKKFICDRVMWRIPFSSNFMSMGALTDLGQNMLYANSAHALDMNFEVDPMDESTLLYVVFEVFDVVRVHQPHRGVIEAVYLRTPFSAGNATT",40,"split_03_20"
"10497","AAA65311.1","MASGGAFCLIANDGKADKIILAQDLLNSRISNIKNVNKSYGKPDPEPTLSQIEETHLVHFNAHFKPYVPVGFEYNKVRPHTGTPTLGNKLTFGIPQYGDFFHDMVGHHILGACHSSWQDAPIQGTAQMGAHGQLQTFPRNGYDWDNQTPLEGAVYTLVDPFGRPIVPGTKNAYRNLVYYCEYPGERLYENVRFDVNGNSLDEYSSDVTTLVRKFCIPGDKMTGYKHLVGQEVSVEGTSGPLLCNIHDLHKPHQSKPILTDENDTQRTCSHTNPKFLSQHFPENSHNIQTAGKQDITPITDATYLDIRRNVHYSCNGPQTPKYYQPPLALWIKLRFWFNENVNLAIPSVSIPFGERFITIKLASQKDLVNEFPGLFIRQSRFIPGRPSRRNIRFKPWFIPGVINEISLTNNELYINNLFVTPEIHNLFVKRVRFSLIRVHKTQVTHTNNNHHDEKLMSALKWPIEYMFIGLKPTWNISDQNPHQHRDWHKFGHVVNAIMQPTHHAEISFQDRDTALPDACSSISDISPVTYPITLPIIKNISVTAHGINLIDKFPSKFCSSYIPFHYGGNAIKTPDDPGAMMITFALKPREEYQPSGHINVSRAREFYISWDTDYVGSITTADLVVSASAINFLLLQNGSAVLRYST",41,"split_03_20"
"130663","APA19522.1","MAALTPDLTTATPRLQYFHIAGPGTREYLSEDLQQFISATGSYFDLKNKFRQTVVAPTRNVTTEKAQRLQIRFYPIQTDDTSTGYRVRYNINVGDGWVLDMGSTYFDIKGILDRGPSFKPYCGTAYNPLAPKESMFNNWSETAPGQNVSASGQLSNVYTNTSTSKDTTAAQVTKISGVFPNPNQGPGRNPLRRVQNANTGVLGRFAKSQYNYAYGAYVKPVAADGSQSLTQTPYWIMDNTGTNYLGAVAVEDYTNSLSYPDTIVVPPPEDYDDYNIGTTRALRPNYIGFRDNFINLLYHDSGVCSGTLNSERSGMNVVVELPDRNTELSYQYMLADMMSRHHYFALWNQAVDQYDPEVRVFSNDGYEEGAPSYAFNPEAVGAGEGYGPDLSQIKLYTNNTAANDKNTAVANATTNFYFGTVPSYEIDISATQRRNFIMANIAEYLPDRYKFSISGFDATSVAPTTYEYMNKRVPLTNVVDMFTNVGARWSIDQMDNVNPFNHHRNWGLKYRSQLLGNSRYVNFHIQVPQKFFAIKNLLLLSGSYTYEWVLRKDPNMILQSSLGNDLRADGASIIYNEVNLMANFMPMDHNTSNQLELMLRNATNDQTFVDYLGAKNALYSVPAGSTALTINIPARTWEGMRGWSFTRIKAAETPQLGAQYDVNFKYSGSIAYSDGGFYLSHTFRNMSILFDTSINWPGNDRLLTPNMFEIKRSVALDTEGFTMSQCDITKDWYLIQMATNYNFVYNGYRFWPDRQYFHYDFLRNFDPMTRQGPNFALPGLFDLVSYTPTTDNSGQQPSQEAVRNNSGFIAPRSWPVWSAHQGESWPANWPYPLCGQQAIQPAQVLSYKKFLCDNYLWTIPFSSDFMYMGELTDLGQNPMYTNNSHSMVINFELDPMDDPTYVYMLYGVFDTVRVNQPERNVLAMAYFRTPFATGNAV",42,"split_05_20"
"10497","NP_042786.1","MDFILNISMKMEVIFKTDLRSSSQVVFHAGSLYNWFSVEIINSGRIVTTAIKTLLSTVKYDIVKSAHIYAGQGYTEHQAQEEWNMILHVLFEEETESSASSESIHEKNDNETNECTSSFETLFEQEPSSEEPKDSKLYMLAQKTVQHIEQYGKAPDFNKVIRAHNFIQTIHGTPLKEEEKEVVRLMVIKLLKKNKLLSHLHLMF",23,"split_03_20"
